{
    "rotation": [
        0.7948852181434631,
        -0.18073409795761108,
        0.5236872434616089,
        0.24747620522975922
    ],
    "translation": [
        -0.057173293083906174,
        0.07237923890352249,
        -1.9324952363967896
    ],
    "focal_length": 944.4825439453125
}